"Dia","Estació","Nivell absolut (msnm)","Percentatge volum embassat (%)","Volum embassat (hm3)"
"20/02/2026","Embassament de la Baells (Cercs)","629,39","98,0","106,53"
"20/02/2026","Embassament de Sau (Vilanova de Sau)","421,51","88,0","145,97"
"20/02/2026","Embassament de la Llosa del Cavall (Navès)","806,19","100,7","72,08"
"20/02/2026","Embassament de Siurana (Cornudella de Montsant)","475,54","49,7","5,97"
"20/02/2026","Embassament de Riudecanyes","219,27","98,6","5,24"
"20/02/2026","Embassament de Darnius Boadella (Darnius)","157,87","93,5","59,19"
"20/02/2026","Embassament de Susqueda (Osor)","349,09","95,3","213,02"
"20/02/2026","Embassament de Sant Ponç (Clariana de Cardener)","529,11","95,0","23,18"
"20/02/2026","Embassament de Foix (Castellet i la Gornal)","99,56","83,2","2,80"
"19/02/2026","Embassament de Darnius Boadella (Darnius)","157,90","93,7","59,29"
"19/02/2026","Embassament de Sau (Vilanova de Sau)","421,56","88,2","146,26"
"19/02/2026","Embassament de la Baells (Cercs)","629,42","98,1","106,65"
"19/02/2026","Embassament de Foix (Castellet i la Gornal)","99,56","83,2","2,80"
"19/02/2026","Embassament de Siurana (Cornudella de Montsant)","475,49","49,5","5,95"
"19/02/2026","Embassament de Riudecanyes","219,30","98,7","5,25"
"19/02/2026","Embassament de la Llosa del Cavall (Navès)","806,20","100,8","72,11"
"19/02/2026","Embassament de Sant Ponç (Clariana de Cardener)","529,23","96,0","23,42"
"19/02/2026","Embassament de Susqueda (Osor)","349,07","95,2","212,90"
"18/02/2026","Embassament de la Llosa del Cavall (Navès)","806,21","100,8","72,12"
"18/02/2026","Embassament de Sant Ponç (Clariana de Cardener)","529,37","96,4","23,52"
"18/02/2026","Embassament de Susqueda (Osor)","349,08","95,3","212,98"
"18/02/2026","Embassament de la Baells (Cercs)","629,50","98,3","106,91"
"18/02/2026","Embassament de Foix (Castellet i la Gornal)","99,55","83,1","2,80"
"18/02/2026","Embassament de Darnius Boadella (Darnius)","157,92","93,8","59,37"
"18/02/2026","Embassament de Sau (Vilanova de Sau)","421,55","88,2","146,24"
"18/02/2026","Embassament de Riudecanyes","219,30","98,7","5,25"
"18/02/2026","Embassament de Siurana (Cornudella de Montsant)","475,43","49,3","5,93"
"17/02/2026","Embassament de Foix (Castellet i la Gornal)","99,55","83,0","2,80"
"17/02/2026","Embassament de Riudecanyes","219,28","98,6","5,25"
"17/02/2026","Embassament de Siurana (Cornudella de Montsant)","475,37","48,8","5,86"
"17/02/2026","Embassament de Sant Ponç (Clariana de Cardener)","529,49","97,0","23,69"
"17/02/2026","Embassament de Susqueda (Osor)","349,10","95,3","213,10"
"17/02/2026","Embassament de Darnius Boadella (Darnius)","157,95","94,0","59,47"
"17/02/2026","Embassament de Sau (Vilanova de Sau)","421,56","88,4","146,58"
"17/02/2026","Embassament de la Llosa del Cavall (Navès)","806,21","100,8","72,15"
"17/02/2026","Embassament de la Baells (Cercs)","629,56","98,6","107,21"
"16/02/2026","Embassament de la Baells (Cercs)","629,61","98,7","107,33"
"16/02/2026","Embassament de Susqueda (Osor)","349,01","95,1","212,62"
"16/02/2026","Embassament de Sau (Vilanova de Sau)","421,64","88,5","146,75"
"16/02/2026","Embassament de Foix (Castellet i la Gornal)","99,54","82,9","2,79"
"16/02/2026","Embassament de Siurana (Cornudella de Montsant)","475,29","48,7","5,85"
"16/02/2026","Embassament de la Llosa del Cavall (Navès)","806,22","100,8","72,16"
"16/02/2026","Embassament de Sant Ponç (Clariana de Cardener)","529,60","97,7","23,84"
"16/02/2026","Embassament de Riudecanyes","219,29","98,7","5,25"
"16/02/2026","Embassament de Darnius Boadella (Darnius)","157,97","94,1","59,55"
"15/02/2026","Embassament de Susqueda (Osor)","348,95","94,9","212,25"
"15/02/2026","Embassament de la Baells (Cercs)","629,65","98,9","107,47"
"15/02/2026","Embassament de Sant Ponç (Clariana de Cardener)","529,58","97,5","23,81"
"15/02/2026","Embassament de la Llosa del Cavall (Navès)","806,24","100,9","72,20"
"15/02/2026","Embassament de Siurana (Cornudella de Montsant)","475,21","48,4","5,82"
"15/02/2026","Embassament de Darnius Boadella (Darnius)","157,99","94,2","59,63"
"15/02/2026","Embassament de Sau (Vilanova de Sau)","421,68","88,7","147,01"
"15/02/2026","Embassament de Foix (Castellet i la Gornal)","99,54","82,8","2,79"
"15/02/2026","Embassament de Riudecanyes","219,30","98,7","5,25"
"14/02/2026","Embassament de Riudecanyes","219,33","98,9","5,26"
"14/02/2026","Embassament de Darnius Boadella (Darnius)","158,01","94,3","59,71"
"14/02/2026","Embassament de Susqueda (Osor)","348,83","94,6","211,61"
"14/02/2026","Embassament de la Baells (Cercs)","629,65","98,8","107,45"
"14/02/2026","Embassament de Sau (Vilanova de Sau)","421,69","88,7","147,04"
"14/02/2026","Embassament de Siurana (Cornudella de Montsant)","475,12","48,1","5,78"
"14/02/2026","Embassament de la Llosa del Cavall (Navès)","806,25","100,9","72,24"
"14/02/2026","Embassament de Sant Ponç (Clariana de Cardener)","529,45","96,8","23,63"
"14/02/2026","Embassament de Foix (Castellet i la Gornal)","99,52","82,5","2,78"
"13/02/2026","Embassament de Darnius Boadella (Darnius)","158,03","94,4","59,77"
"13/02/2026","Embassament de la Baells (Cercs)","629,59","98,6","107,24"
"13/02/2026","Embassament de Sau (Vilanova de Sau)","421,60","88,4","146,57"
"13/02/2026","Embassament de Susqueda (Osor)","348,77","94,5","211,27"
"13/02/2026","Embassament de la Llosa del Cavall (Navès)","806,21","100,8","72,14"
"13/02/2026","Embassament de Riudecanyes","219,42","99,5","5,29"
"13/02/2026","Embassament de Siurana (Cornudella de Montsant)","475,01","47,7","5,73"
"13/02/2026","Embassament de Foix (Castellet i la Gornal)","99,40","80,6","2,71"
"13/02/2026","Embassament de Sant Ponç (Clariana de Cardener)","529,27","95,8","23,38"
"12/02/2026","Embassament de Sant Ponç (Clariana de Cardener)","529,25","95,6","23,35"
"12/02/2026","Embassament de Siurana (Cornudella de Montsant)","474,95","47,5","5,70"
"12/02/2026","Embassament de la Baells (Cercs)","629,49","98,3","106,89"
"12/02/2026","Embassament de Susqueda (Osor)","348,73","94,4","211,08"
"12/02/2026","Embassament de Foix (Castellet i la Gornal)","99,36","79,9","2,69"
"12/02/2026","Embassament de Riudecanyes","219,41","99,5","5,29"
"12/02/2026","Embassament de la Llosa del Cavall (Navès)","806,10","100,4","71,83"
"12/02/2026","Embassament de Darnius Boadella (Darnius)","158,04","94,5","59,80"
"12/02/2026","Embassament de Sau (Vilanova de Sau)","421,63","88,5","146,72"
"11/02/2026","Embassament de Sant Ponç (Clariana de Cardener)","529,25","95,6","23,35"
"11/02/2026","Embassament de Sau (Vilanova de Sau)","421,72","88,8","147,21"
"11/02/2026","Embassament de la Baells (Cercs)","629,85","99,5","108,18"
"11/02/2026","Embassament de Susqueda (Osor)","348,69","94,4","211,03"
"11/02/2026","Embassament de Siurana (Cornudella de Montsant)","474,91","47,3","5,68"
"11/02/2026","Embassament de Darnius Boadella (Darnius)","158,04","94,5","59,82"
"11/02/2026","Embassament de Riudecanyes","219,42","99,5","5,30"
"11/02/2026","Embassament de Foix (Castellet i la Gornal)","99,38","80,1","2,70"
"11/02/2026","Embassament de la Llosa del Cavall (Navès)","805,91","99,7","71,32"
"10/02/2026","Embassament de Riudecanyes","219,47","99,8","5,31"
"10/02/2026","Embassament de Sant Ponç (Clariana de Cardener)","529,27","95,8","23,38"
"10/02/2026","Embassament de la Baells (Cercs)","629,88","99,6","108,29"
"10/02/2026","Embassament de Foix (Castellet i la Gornal)","99,39","80,3","2,71"
"10/02/2026","Embassament de Darnius Boadella (Darnius)","158,06","94,6","59,89"
"10/02/2026","Embassament de Siurana (Cornudella de Montsant)","474,87","47,2","5,67"
"10/02/2026","Embassament de Susqueda (Osor)","348,76","94,5","211,25"
"10/02/2026","Embassament de la Llosa del Cavall (Navès)","805,75","99,1","70,90"
"10/02/2026","Embassament de Sau (Vilanova de Sau)","421,72","88,8","147,21"
"09/02/2026","Embassament de Susqueda (Osor)","348,79","94,6","211,42"
"09/02/2026","Embassament de Darnius Boadella (Darnius)","158,07","94,7","59,93"
"09/02/2026","Embassament de Foix (Castellet i la Gornal)","99,40","80,5","2,71"
"09/02/2026","Embassament de Sau (Vilanova de Sau)","421,74","88,9","147,35"
"09/02/2026","Embassament de la Llosa del Cavall (Navès)","805,62","98,6","70,54"
"09/02/2026","Embassament de la Baells (Cercs)","629,78","99,3","107,91"
"09/02/2026","Embassament de Siurana (Cornudella de Montsant)","474,83","47,0","5,65"
"09/02/2026","Embassament de Riudecanyes","219,45","99,7","5,30"
"09/02/2026","Embassament de Sant Ponç (Clariana de Cardener)","529,29","95,9","23,41"
"08/02/2026","Embassament de Foix (Castellet i la Gornal)","99,41","80,7","2,72"
"08/02/2026","Embassament de Sant Ponç (Clariana de Cardener)","529,30","95,9","23,42"
"08/02/2026","Embassament de la Llosa del Cavall (Navès)","805,47","98,0","70,15"
"08/02/2026","Embassament de Susqueda (Osor)","348,95","94,9","212,27"
"08/02/2026","Embassament de Riudecanyes","219,46","99,8","5,31"
"08/02/2026","Embassament de Siurana (Cornudella de Montsant)","474,78","46,8","5,62"
"08/02/2026","Embassament de Sau (Vilanova de Sau)","421,61","88,4","146,58"
"08/02/2026","Embassament de la Baells (Cercs)","629,65","98,8","107,45"
"08/02/2026","Embassament de Darnius Boadella (Darnius)","158,08","94,7","59,95"
"07/02/2026","Embassament de Susqueda (Osor)","349,13","95,4","213,27"
"07/02/2026","Embassament de Siurana (Cornudella de Montsant)","474,72","46,6","5,60"
"07/02/2026","Embassament de Darnius Boadella (Darnius)","158,08","94,7","59,96"
"07/02/2026","Embassament de la Llosa del Cavall (Navès)","805,30","97,4","69,69"
"07/02/2026","Embassament de Sant Ponç (Clariana de Cardener)","529,29","95,9","23,41"
"07/02/2026","Embassament de Sau (Vilanova de Sau)","421,43","87,8","145,61"
"07/02/2026","Embassament de Foix (Castellet i la Gornal)","99,42","80,9","2,73"
"07/02/2026","Embassament de Riudecanyes","219,46","99,8","5,31"
"07/02/2026","Embassament de la Baells (Cercs)","629,49","98,3","106,90"
"06/02/2026","Embassament de Riudecanyes","219,46","99,8","5,31"
"06/02/2026","Embassament de Sau (Vilanova de Sau)","421,26","87,2","144,62"
"06/02/2026","Embassament de Siurana (Cornudella de Montsant)","474,66","46,4","5,57"
"06/02/2026","Embassament de Darnius Boadella (Darnius)","158,09","94,8","59,98"
"06/02/2026","Embassament de la Baells (Cercs)","629,31","97,7","106,25"
"06/02/2026","Embassament de Foix (Castellet i la Gornal)","99,43","81,1","2,73"
"06/02/2026","Embassament de la Llosa del Cavall (Navès)","805,12","96,7","69,22"
"06/02/2026","Embassament de Susqueda (Osor)","349,34","95,9","214,42"
"06/02/2026","Embassament de Sant Ponç (Clariana de Cardener)","529,27","95,8","23,38"
"05/02/2026","Embassament de la Llosa del Cavall (Navès)","804,90","95,9","68,65"
"05/02/2026","Embassament de la Baells (Cercs)","629,11","97,1","105,53"
"05/02/2026","Embassament de Foix (Castellet i la Gornal)","99,44","81,2","2,74"
"05/02/2026","Embassament de Susqueda (Osor)","349,51","96,3","215,32"
"05/02/2026","Embassament de Siurana (Cornudella de Montsant)","474,59","46,1","5,54"
"05/02/2026","Embassament de Sau (Vilanova de Sau)","421,13","86,8","143,88"
"05/02/2026","Embassament de Sant Ponç (Clariana de Cardener)","529,25","95,7","23,35"
"05/02/2026","Embassament de Darnius Boadella (Darnius)","158,10","94,8","60,02"
"05/02/2026","Embassament de Riudecanyes","219,54","100,0","5,32"
"04/02/2026","Embassament de Sau (Vilanova de Sau)","421,16","86,9","144,07"
"04/02/2026","Embassament de Siurana (Cornudella de Montsant)","474,51","45,8","5,51"
"04/02/2026","Embassament de Riudecanyes","219,52","100,0","5,32"
"04/02/2026","Embassament de la Llosa del Cavall (Navès)","804,74","95,3","68,21"
"04/02/2026","Embassament de Sant Ponç (Clariana de Cardener)","529,26","95,7","23,36"
"04/02/2026","Embassament de la Baells (Cercs)","628,97","96,6","105,03"
"04/02/2026","Embassament de Susqueda (Osor)","349,54","96,4","215,49"
"04/02/2026","Embassament de Darnius Boadella (Darnius)","158,08","94,7","59,95"
"04/02/2026","Embassament de Foix (Castellet i la Gornal)","99,44","81,3","2,74"
"03/02/2026","Embassament de Siurana (Cornudella de Montsant)","474,43","45,6","5,47"
"03/02/2026","Embassament de Susqueda (Osor)","349,52","96,3","215,39"
"03/02/2026","Embassament de Sant Ponç (Clariana de Cardener)","529,26","95,8","23,37"
"03/02/2026","Embassament de la Llosa del Cavall (Navès)","804,57","94,7","67,77"
"03/02/2026","Embassament de Riudecanyes","219,48","99,9","5,32"
"03/02/2026","Embassament de la Baells (Cercs)","628,82","96,1","104,52"
"03/02/2026","Embassament de Sau (Vilanova de Sau)","421,32","87,4","144,94"
"03/02/2026","Embassament de Foix (Castellet i la Gornal)","99,45","81,3","2,74"
"03/02/2026","Embassament de Darnius Boadella (Darnius)","158,08","94,7","59,94"
"02/02/2026","Embassament de la Baells (Cercs)","628,68","95,7","104,02"
"02/02/2026","Embassament de Susqueda (Osor)","349,42","96,1","214,82"
"02/02/2026","Embassament de Siurana (Cornudella de Montsant)","474,33","45,2","5,43"
"02/02/2026","Embassament de Darnius Boadella (Darnius)","158,06","94,6","59,87"
"02/02/2026","Embassament de la Llosa del Cavall (Navès)","804,39","94,1","67,30"
"02/02/2026","Embassament de Foix (Castellet i la Gornal)","99,45","81,3","2,74"
"02/02/2026","Embassament de Sant Ponç (Clariana de Cardener)","529,28","95,9","23,40"
"02/02/2026","Embassament de Riudecanyes","219,43","99,5","5,30"
"02/02/2026","Embassament de Sau (Vilanova de Sau)","421,59","88,4","146,51"
"01/02/2026","Embassament de Darnius Boadella (Darnius)","158,03","94,4","59,78"
"01/02/2026","Embassament de Riudecanyes","219,36","99,1","5,27"
"01/02/2026","Embassament de la Llosa del Cavall (Navès)","804,25","93,6","66,95"
"01/02/2026","Embassament de Sant Ponç (Clariana de Cardener)","529,31","96,0","23,43"
"01/02/2026","Embassament de Susqueda (Osor)","349,33","95,9","214,34"
"01/02/2026","Embassament de Siurana (Cornudella de Montsant)","474,23","44,9","5,39"
"01/02/2026","Embassament de la Baells (Cercs)","628,57","95,3","103,63"
"01/02/2026","Embassament de Sau (Vilanova de Sau)","421,87","89,3","148,05"
"01/02/2026","Embassament de Foix (Castellet i la Gornal)","99,46","81,5","2,75"
"31/01/2026","Embassament de Sau (Vilanova de Sau)","422,09","90,1","149,33"
"31/01/2026","Embassament de Siurana (Cornudella de Montsant)","474,12","44,4","5,34"
"31/01/2026","Embassament de Foix (Castellet i la Gornal)","99,47","81,7","2,75"
"31/01/2026","Embassament de Darnius Boadella (Darnius)","157,99","94,2","59,62"
"31/01/2026","Embassament de la Baells (Cercs)","628,44","94,9","103,19"
"31/01/2026","Embassament de la Llosa del Cavall (Navès)","804,10","93,0","66,58"
"31/01/2026","Embassament de Riudecanyes","219,38","99,3","5,28"
"31/01/2026","Embassament de Sant Ponç (Clariana de Cardener)","529,32","96,1","23,45"
"31/01/2026","Embassament de Susqueda (Osor)","349,24","95,6","213,82"
"30/01/2026","Embassament de la Llosa del Cavall (Navès)","803,94","92,5","66,16"
"30/01/2026","Embassament de Sau (Vilanova de Sau)","422,37","91,0","150,96"
"30/01/2026","Embassament de Riudecanyes","219,47","99,8","5,31"
"30/01/2026","Embassament de la Baells (Cercs)","628,28","94,4","102,62"
"30/01/2026","Embassament de Foix (Castellet i la Gornal)","99,48","81,8","2,76"
"30/01/2026","Embassament de Siurana (Cornudella de Montsant)","473,99","44,0","5,29"
"30/01/2026","Embassament de Darnius Boadella (Darnius)","157,94","93,9","59,46"
"30/01/2026","Embassament de Sant Ponç (Clariana de Cardener)","529,29","95,9","23,41"
"30/01/2026","Embassament de Susqueda (Osor)","349,02","95,1","212,63"
"29/01/2026","Embassament de la Baells (Cercs)","628,06","93,7","101,87"
"29/01/2026","Embassament de Riudecanyes","219,46","99,8","5,31"
"29/01/2026","Embassament de Foix (Castellet i la Gornal)","99,52","82,6","2,78"
"29/01/2026","Embassament de la Llosa del Cavall (Navès)","803,75","91,8","65,67"
"29/01/2026","Embassament de Darnius Boadella (Darnius)","158,01","94,3","59,71"
"29/01/2026","Embassament de Sant Ponç (Clariana de Cardener)","529,20","95,4","23,28"
"29/01/2026","Embassament de Sau (Vilanova de Sau)","423,13","93,7","155,37"
"29/01/2026","Embassament de Siurana (Cornudella de Montsant)","473,84","43,5","5,22"
"29/01/2026","Embassament de Susqueda (Osor)","348,19","93,1","208,18"
"28/01/2026","Embassament de Sant Ponç (Clariana de Cardener)","529,06","94,6","23,09"
"28/01/2026","Embassament de Riudecanyes","219,49","99,9","5,32"
"28/01/2026","Embassament de la Llosa del Cavall (Navès)","803,51","90,9","65,07"
"28/01/2026","Embassament de Darnius Boadella (Darnius)","158,21","95,5","60,42"
"28/01/2026","Embassament de Foix (Castellet i la Gornal)","99,62","84,1","2,84"
"28/01/2026","Embassament de la Baells (Cercs)","627,77","92,8","100,85"
"28/01/2026","Embassament de Siurana (Cornudella de Montsant)","473,67","42,9","5,15"
"28/01/2026","Embassament de Sau (Vilanova de Sau)","423,41","94,7","157,04"
"28/01/2026","Embassament de Susqueda (Osor)","347,77","92,1","205,90"
"27/01/2026","Embassament de Riudecanyes","219,49","99,9","5,32"
"27/01/2026","Embassament de Foix (Castellet i la Gornal)","99,76","86,5","2,92"
"27/01/2026","Embassament de Darnius Boadella (Darnius)","158,43","96,7","61,23"
"27/01/2026","Embassament de Sant Ponç (Clariana de Cardener)","528,89","93,6","22,85"
"27/01/2026","Embassament de Sau (Vilanova de Sau)","423,31","94,4","156,45"
"27/01/2026","Embassament de la Llosa del Cavall (Navès)","803,24","90,0","64,40"
"27/01/2026","Embassament de la Baells (Cercs)","627,47","91,8","99,81"
"27/01/2026","Embassament de Siurana (Cornudella de Montsant)","473,48","42,2","5,07"
"27/01/2026","Embassament de Susqueda (Osor)","347,77","92,1","205,93"
"26/01/2026","Embassament de la Baells (Cercs)","627,32","91,3","99,30"
"26/01/2026","Embassament de Sant Ponç (Clariana de Cardener)","528,77","93,0","22,70"
"26/01/2026","Embassament de Darnius Boadella (Darnius)","158,58","97,6","61,75"
"26/01/2026","Embassament de Sau (Vilanova de Sau)","423,23","94,1","155,99"
"26/01/2026","Embassament de Riudecanyes","219,33","98,9","5,26"
"26/01/2026","Embassament de Foix (Castellet i la Gornal)","99,90","89,0","3,00"
"26/01/2026","Embassament de Siurana (Cornudella de Montsant)","473,27","41,5","4,98"
"26/01/2026","Embassament de Susqueda (Osor)","347,86","92,3","206,42"
"26/01/2026","Embassament de la Llosa del Cavall (Navès)","803,12","89,6","64,11"
"25/01/2026","Embassament de Susqueda (Osor)","348,28","93,3","208,68"
"25/01/2026","Embassament de Foix (Castellet i la Gornal)","99,91","89,1","3,00"
"25/01/2026","Embassament de Sant Ponç (Clariana de Cardener)","528,64","92,3","22,52"
"25/01/2026","Embassament de la Baells (Cercs)","627,17","90,9","98,79"
"25/01/2026","Embassament de Darnius Boadella (Darnius)","158,43","96,7","61,23"
"25/01/2026","Embassament de Siurana (Cornudella de Montsant)","473,04","40,7","4,88"
"25/01/2026","Embassament de Riudecanyes","219,03","96,9","5,16"
"25/01/2026","Embassament de la Llosa del Cavall (Navès)","803,00","89,2","63,82"
"25/01/2026","Embassament de Sau (Vilanova de Sau)","422,78","92,5","153,31"
"24/01/2026","Embassament de Riudecanyes","218,65","94,5","5,03"
"24/01/2026","Embassament de Susqueda (Osor)","348,69","94,3","210,84"
"24/01/2026","Embassament de Sant Ponç (Clariana de Cardener)","528,48","91,4","22,30"
"24/01/2026","Embassament de Siurana (Cornudella de Montsant)","472,77","39,8","4,78"
"24/01/2026","Embassament de la Llosa del Cavall (Navès)","802,86","88,7","63,47"
"24/01/2026","Embassament de la Baells (Cercs)","626,98","90,3","98,14"
"24/01/2026","Embassament de Darnius Boadella (Darnius)","158,20","95,4","60,39"
"24/01/2026","Embassament de Foix (Castellet i la Gornal)","99,68","85,1","2,87"
"24/01/2026","Embassament de Sau (Vilanova de Sau)","422,13","90,2","149,55"
"23/01/2026","Embassament de Susqueda (Osor)","348,98","95,2","212,89"
"23/01/2026","Embassament de Foix (Castellet i la Gornal)","99,53","82,6","2,78"
"23/01/2026","Embassament de Sant Ponç (Clariana de Cardener)","528,35","90,6","22,12"
"23/01/2026","Embassament de Riudecanyes","218,27","92,0","4,90"
"23/01/2026","Embassament de la Llosa del Cavall (Navès)","802,70","88,2","63,08"
"23/01/2026","Embassament de Siurana (Cornudella de Montsant)","472,45","38,7","4,65"
"23/01/2026","Embassament de Darnius Boadella (Darnius)","158,07","94,6","59,90"
"23/01/2026","Embassament de la Baells (Cercs)","626,77","89,6","97,43"
"23/01/2026","Embassament de Sau (Vilanova de Sau)","421,74","88,9","147,33"
"22/01/2026","Embassament de la Baells (Cercs)","626,51","88,8","96,56"
"22/01/2026","Embassament de Riudecanyes","217,77","88,8","4,72"
"22/01/2026","Embassament de Siurana (Cornudella de Montsant)","472,02","37,3","4,48"
"22/01/2026","Embassament de Sant Ponç (Clariana de Cardener)","528,21","89,9","21,93"
"22/01/2026","Embassament de Darnius Boadella (Darnius)","158,03","94,4","59,76"
"22/01/2026","Embassament de Sau (Vilanova de Sau)","422,89","92,9","153,97"
"22/01/2026","Embassament de Foix (Castellet i la Gornal)","99,65","84,6","2,85"
"22/01/2026","Embassament de Susqueda (Osor)","349,06","95,2","212,85"
"22/01/2026","Embassament de la Llosa del Cavall (Navès)","802,52","87,5","62,63"
"21/01/2026","Embassament de Susqueda (Osor)","348,44","93,7","209,49"
"21/01/2026","Embassament de Sau (Vilanova de Sau)","423,87","96,4","159,77"
"21/01/2026","Embassament de la Llosa del Cavall (Navès)","802,26","86,6","62,00"
"21/01/2026","Embassament de Sant Ponç (Clariana de Cardener)","528,01","88,8","21,68"
"21/01/2026","Embassament de Foix (Castellet i la Gornal)","99,71","85,7","2,89"
"21/01/2026","Embassament de Siurana (Cornudella de Montsant)","471,26","34,9","4,20"
"21/01/2026","Embassament de la Baells (Cercs)","626,14","87,7","95,32"
"21/01/2026","Embassament de Darnius Boadella (Darnius)","157,90","93,7","59,30"
"21/01/2026","Embassament de Riudecanyes","216,90","83,1","4,42"
"20/01/2026","Embassament de Sau (Vilanova de Sau)","422,69","92,2","152,81"
"20/01/2026","Embassament de Darnius Boadella (Darnius)","156,88","88,0","55,71"
"20/01/2026","Embassament de la Llosa del Cavall (Navès)","801,89","85,4","61,12"
"20/01/2026","Embassament de Susqueda (Osor)","346,69","89,6","200,24"
"20/01/2026","Embassament de Riudecanyes","215,79","75,2","4,00"
"20/01/2026","Embassament de la Baells (Cercs)","625,66","86,2","93,73"
"20/01/2026","Embassament de Siurana (Cornudella de Montsant)","469,97","31,1","3,73"
"20/01/2026","Embassament de Sant Ponç (Clariana de Cardener)","527,73","87,3","21,30"
"20/01/2026","Embassament de Foix (Castellet i la Gornal)","99,64","84,5","2,85"
"19/01/2026","Embassament de Darnius Boadella (Darnius)","156,14","84,0","53,19"
"19/01/2026","Embassament de Sau (Vilanova de Sau)","421,58","88,3","146,41"
"19/01/2026","Embassament de Riudecanyes","215,18","71,0","3,78"
"19/01/2026","Embassament de Foix (Castellet i la Gornal)","99,86","88,2","2,97"
"19/01/2026","Embassament de Susqueda (Osor)","345,78","87,4","195,52"
"19/01/2026","Embassament de la Baells (Cercs)","625,30","85,1","92,55"
"19/01/2026","Embassament de la Llosa del Cavall (Navès)","801,60","84,5","60,43"
"19/01/2026","Embassament de Sant Ponç (Clariana de Cardener)","527,50","86,1","21,01"
"19/01/2026","Embassament de Siurana (Cornudella de Montsant)","469,23","29,0","3,48"
"18/01/2026","Embassament de Foix (Castellet i la Gornal)","99,89","88,9","2,99"
"18/01/2026","Embassament de la Llosa del Cavall (Navès)","801,27","83,4","59,66"
"18/01/2026","Embassament de Darnius Boadella (Darnius)","156,22","84,5","53,46"
"18/01/2026","Embassament de Sau (Vilanova de Sau)","421,15","86,9","144,01"
"18/01/2026","Embassament de Riudecanyes","214,15","64,2","3,41"
"18/01/2026","Embassament de Siurana (Cornudella de Montsant)","468,13","26,1","3,13"
"18/01/2026","Embassament de la Baells (Cercs)","624,91","84,0","91,28"
"18/01/2026","Embassament de Susqueda (Osor)","346,67","89,5","200,11"
"18/01/2026","Embassament de Sant Ponç (Clariana de Cardener)","527,27","84,8","20,71"
"17/01/2026","Embassament de Riudecanyes","212,58","54,8","2,92"
"17/01/2026","Embassament de Susqueda (Osor)","347,74","92,0","205,78"
"17/01/2026","Embassament de Siurana (Cornudella de Montsant)","465,28","19,3","2,31"
"17/01/2026","Embassament de Darnius Boadella (Darnius)","156,29","84,8","53,69"
"17/01/2026","Embassament de Foix (Castellet i la Gornal)","99,56","83,1","2,80"
"17/01/2026","Embassament de Sau (Vilanova de Sau)","420,91","86,0","142,66"
"17/01/2026","Embassament de la Baells (Cercs)","624,54","82,9","90,08"
"17/01/2026","Embassament de la Llosa del Cavall (Navès)","800,88","82,1","58,75"
"17/01/2026","Embassament de Sant Ponç (Clariana de Cardener)","527,00","83,4","20,36"
"16/01/2026","Embassament de Sant Ponç (Clariana de Cardener)","526,94","83,1","20,29"
"16/01/2026","Embassament de Foix (Castellet i la Gornal)","99,48","82,1","2,77"
"16/01/2026","Embassament de Siurana (Cornudella de Montsant)","464,71","18,0","2,17"
"16/01/2026","Embassament de Riudecanyes","212,33","53,4","2,84"
"16/01/2026","Embassament de Susqueda (Osor)","348,52","93,9","209,94"
"16/01/2026","Embassament de la Llosa del Cavall (Navès)","800,81","81,9","58,59"
"16/01/2026","Embassament de la Baells (Cercs)","624,59","83,0","90,27"
"16/01/2026","Embassament de Sau (Vilanova de Sau)","420,82","85,7","142,16"
"16/01/2026","Embassament de Darnius Boadella (Darnius)","156,36","85,2","53,93"
"15/01/2026","Embassament de Siurana (Cornudella de Montsant)","464,70","18,0","2,17"
"15/01/2026","Embassament de Sant Ponç (Clariana de Cardener)","526,94","83,1","20,29"
"15/01/2026","Embassament de Foix (Castellet i la Gornal)","99,51","82,3","2,77"
"15/01/2026","Embassament de Riudecanyes","212,32","53,3","2,84"
"15/01/2026","Embassament de Susqueda (Osor)","348,74","94,4","211,14"
"15/01/2026","Embassament de la Baells (Cercs)","624,60","83,1","90,29"
"15/01/2026","Embassament de la Llosa del Cavall (Navès)","800,80","81,8","58,56"
"15/01/2026","Embassament de Darnius Boadella (Darnius)","156,36","85,2","53,92"
"15/01/2026","Embassament de Sau (Vilanova de Sau)","420,72","85,4","141,64"
"14/01/2026","Embassament de Susqueda (Osor)","348,82","94,6","211,57"
"14/01/2026","Embassament de Siurana (Cornudella de Montsant)","464,70","18,0","2,16"
"14/01/2026","Embassament de Riudecanyes","212,30","53,2","2,83"
"14/01/2026","Embassament de la Llosa del Cavall (Navès)","800,79","81,8","58,53"
"14/01/2026","Embassament de Sant Ponç (Clariana de Cardener)","526,94","83,1","20,29"
"14/01/2026","Embassament de Foix (Castellet i la Gornal)","99,52","82,5","2,78"
"14/01/2026","Embassament de Darnius Boadella (Darnius)","156,35","85,1","53,89"
"14/01/2026","Embassament de Sau (Vilanova de Sau)","420,63","85,1","141,12"
"14/01/2026","Embassament de la Baells (Cercs)","624,61","83,1","90,32"
"13/01/2026","Embassament de Siurana (Cornudella de Montsant)","464,69","18,0","2,16"
"13/01/2026","Embassament de Riudecanyes","212,28","53,1","2,83"
"13/01/2026","Embassament de Susqueda (Osor)","348,95","94,9","212,27"
"13/01/2026","Embassament de Sant Ponç (Clariana de Cardener)","526,94","83,1","20,29"
"13/01/2026","Embassament de la Llosa del Cavall (Navès)","800,77","81,7","58,50"
"13/01/2026","Embassament de la Baells (Cercs)","624,61","83,1","90,32"
"13/01/2026","Embassament de Sau (Vilanova de Sau)","420,53","84,8","140,55"
"13/01/2026","Embassament de Darnius Boadella (Darnius)","156,34","85,1","53,85"
"13/01/2026","Embassament de Foix (Castellet i la Gornal)","99,52","82,5","2,78"
"12/01/2026","Embassament de Darnius Boadella (Darnius)","156,34","85,1","53,87"
"12/01/2026","Embassament de Sant Ponç (Clariana de Cardener)","526,94","83,1","20,29"
"12/01/2026","Embassament de Foix (Castellet i la Gornal)","99,52","82,6","2,78"
"12/01/2026","Embassament de Siurana (Cornudella de Montsant)","464,68","18,0","2,16"
"12/01/2026","Embassament de Riudecanyes","212,26","53,0","2,82"
"12/01/2026","Embassament de la Baells (Cercs)","624,61","83,1","90,32"
"12/01/2026","Embassament de la Llosa del Cavall (Navès)","800,76","81,7","58,47"
"12/01/2026","Embassament de Susqueda (Osor)","349,04","95,2","212,77"
"12/01/2026","Embassament de Sau (Vilanova de Sau)","420,40","84,3","139,86"
"11/01/2026","Embassament de Riudecanyes","212,23","52,9","2,81"
"11/01/2026","Embassament de la Baells (Cercs)","624,61","83,1","90,32"
"11/01/2026","Embassament de Susqueda (Osor)","349,14","95,4","213,30"
"11/01/2026","Embassament de la Llosa del Cavall (Navès)","800,75","81,7","58,44"
"11/01/2026","Embassament de Sant Ponç (Clariana de Cardener)","526,94","83,1","20,29"
"11/01/2026","Embassament de Darnius Boadella (Darnius)","156,32","85,0","53,78"
"11/01/2026","Embassament de Foix (Castellet i la Gornal)","99,53","82,6","2,79"
"11/01/2026","Embassament de Siurana (Cornudella de Montsant)","464,66","18,0","2,16"
"11/01/2026","Embassament de Sau (Vilanova de Sau)","420,27","83,9","139,13"
"10/01/2026","Embassament de Sant Ponç (Clariana de Cardener)","526,94","83,1","20,29"
"10/01/2026","Embassament de Siurana (Cornudella de Montsant)","464,65","17,9","2,15"
"10/01/2026","Embassament de Darnius Boadella (Darnius)","156,30","84,8","53,71"
"10/01/2026","Embassament de la Llosa del Cavall (Navès)","800,73","81,6","58,39"
"10/01/2026","Embassament de Sau (Vilanova de Sau)","420,12","83,4","138,34"
"10/01/2026","Embassament de la Baells (Cercs)","624,61","83,1","90,32"
"10/01/2026","Embassament de Susqueda (Osor)","349,23","95,6","213,78"
"10/01/2026","Embassament de Foix (Castellet i la Gornal)","99,53","82,7","2,79"
"10/01/2026","Embassament de Riudecanyes","212,21","52,8","2,81"
"09/01/2026","Embassament de Foix (Castellet i la Gornal)","99,54","82,9","2,79"
"09/01/2026","Embassament de Sant Ponç (Clariana de Cardener)","526,93","83,1","20,28"
"09/01/2026","Embassament de la Llosa del Cavall (Navès)","800,72","81,6","58,36"
"09/01/2026","Embassament de la Baells (Cercs)","624,61","83,1","90,32"
"09/01/2026","Embassament de Sau (Vilanova de Sau)","419,97","82,9","137,53"
"09/01/2026","Embassament de Darnius Boadella (Darnius)","156,27","84,7","53,61"
"09/01/2026","Embassament de Siurana (Cornudella de Montsant)","464,64","17,9","2,15"
"09/01/2026","Embassament de Riudecanyes","212,19","52,6","2,80"
"09/01/2026","Embassament de Susqueda (Osor)","349,32","95,9","214,30"
"08/01/2026","Embassament de Riudecanyes","212,16","52,5","2,79"
"08/01/2026","Embassament de Siurana (Cornudella de Montsant)","464,62","17,9","2,15"
"08/01/2026","Embassament de Sau (Vilanova de Sau)","419,81","82,4","136,68"
"08/01/2026","Embassament de la Baells (Cercs)","624,61","83,1","90,32"
"08/01/2026","Embassament de Susqueda (Osor)","349,42","96,1","214,85"
"08/01/2026","Embassament de Foix (Castellet i la Gornal)","99,57","83,4","2,81"
"08/01/2026","Embassament de Sant Ponç (Clariana de Cardener)","526,92","83,0","20,27"
"08/01/2026","Embassament de la Llosa del Cavall (Navès)","800,72","81,6","58,36"
"08/01/2026","Embassament de Darnius Boadella (Darnius)","156,23","84,5","53,50"
"07/01/2026","Embassament de Sant Ponç (Clariana de Cardener)","526,92","83,0","20,26"
"07/01/2026","Embassament de Susqueda (Osor)","349,54","96,4","215,50"
"07/01/2026","Embassament de Riudecanyes","212,12","52,2","2,78"
"07/01/2026","Embassament de Siurana (Cornudella de Montsant)","464,60","17,8","2,14"
"07/01/2026","Embassament de Foix (Castellet i la Gornal)","99,61","83,9","2,83"
"07/01/2026","Embassament de Darnius Boadella (Darnius)","156,20","84,3","53,39"
"07/01/2026","Embassament de Sau (Vilanova de Sau)","419,65","81,9","135,77"
"07/01/2026","Embassament de la Baells (Cercs)","624,61","83,1","90,32"
"07/01/2026","Embassament de la Llosa del Cavall (Navès)","800,72","81,6","58,36"
"06/01/2026","Embassament de Sau (Vilanova de Sau)","419,46","81,3","134,77"
"06/01/2026","Embassament de Darnius Boadella (Darnius)","156,17","84,2","53,29"
"06/01/2026","Embassament de Sant Ponç (Clariana de Cardener)","526,91","83,0","20,25"
"06/01/2026","Embassament de Foix (Castellet i la Gornal)","99,64","84,5","2,85"
"06/01/2026","Embassament de Susqueda (Osor)","349,65","96,6","216,07"
"06/01/2026","Embassament de la Baells (Cercs)","624,60","83,0","90,27"
"06/01/2026","Embassament de Riudecanyes","212,06","51,9","2,76"
"06/01/2026","Embassament de Siurana (Cornudella de Montsant)","464,57","17,8","2,13"
"06/01/2026","Embassament de la Llosa del Cavall (Navès)","800,71","81,5","58,35"
"05/01/2026","Embassament de Sau (Vilanova de Sau)","419,24","80,6","133,61"
"05/01/2026","Embassament de Foix (Castellet i la Gornal)","99,67","85,1","2,87"
"05/01/2026","Embassament de Susqueda (Osor)","349,73","96,9","216,55"
"05/01/2026","Embassament de Riudecanyes","211,99","51,5","2,74"
"05/01/2026","Embassament de Sant Ponç (Clariana de Cardener)","526,89","82,9","20,23"
"05/01/2026","Embassament de la Baells (Cercs)","624,57","83,0","90,19"
"05/01/2026","Embassament de Siurana (Cornudella de Montsant)","464,53","17,7","2,12"
"05/01/2026","Embassament de Darnius Boadella (Darnius)","156,14","84,0","53,18"
"05/01/2026","Embassament de la Llosa del Cavall (Navès)","800,70","81,5","58,33"
"04/01/2026","Embassament de Siurana (Cornudella de Montsant)","464,49","17,6","2,11"
"04/01/2026","Embassament de Susqueda (Osor)","349,83","97,1","217,09"
"04/01/2026","Embassament de Riudecanyes","211,91","51,1","2,72"
"04/01/2026","Embassament de Darnius Boadella (Darnius)","156,10","83,8","53,04"
"04/01/2026","Embassament de la Llosa del Cavall (Navès)","800,70","81,5","58,34"
"04/01/2026","Embassament de Sant Ponç (Clariana de Cardener)","526,84","82,6","20,16"
"04/01/2026","Embassament de Foix (Castellet i la Gornal)","99,70","85,5","2,88"
"04/01/2026","Embassament de Sau (Vilanova de Sau)","419,00","79,8","132,36"
"04/01/2026","Embassament de la Baells (Cercs)","624,54","82,9","90,08"
"03/01/2026","Embassament de la Baells (Cercs)","624,50","82,8","89,96"
"03/01/2026","Embassament de Sau (Vilanova de Sau)","418,75","79,0","131,03"
"03/01/2026","Embassament de Susqueda (Osor)","349,89","97,2","217,43"
"03/01/2026","Embassament de Siurana (Cornudella de Montsant)","464,44","17,5","2,10"
"03/01/2026","Embassament de Riudecanyes","211,80","50,5","2,69"
"03/01/2026","Embassament de Foix (Castellet i la Gornal)","99,72","85,9","2,90"
"03/01/2026","Embassament de Sant Ponç (Clariana de Cardener)","526,78","82,3","20,09"
"03/01/2026","Embassament de la Llosa del Cavall (Navès)","800,71","81,5","58,35"
"03/01/2026","Embassament de Darnius Boadella (Darnius)","156,05","83,5","52,87"
"02/01/2026","Embassament de Sant Ponç (Clariana de Cardener)","526,73","82,0","20,02"
"02/01/2026","Embassament de Susqueda (Osor)","349,98","97,5","217,90"
"02/01/2026","Embassament de Riudecanyes","211,70","49,9","2,66"
"02/01/2026","Embassament de Darnius Boadella (Darnius)","155,98","83,2","52,64"
"02/01/2026","Embassament de la Llosa del Cavall (Navès)","800,72","81,6","58,38"
"02/01/2026","Embassament de la Baells (Cercs)","624,45","82,6","89,81"
"02/01/2026","Embassament de Siurana (Cornudella de Montsant)","464,38","17,4","2,09"
"02/01/2026","Embassament de Foix (Castellet i la Gornal)","99,76","86,5","2,91"
"02/01/2026","Embassament de Sau (Vilanova de Sau)","418,46","78,1","129,53"
"01/01/2026","Embassament de Darnius Boadella (Darnius)","155,90","82,7","52,36"
"01/01/2026","Embassament de Sau (Vilanova de Sau)","418,12","77,1","127,77"
"01/01/2026","Embassament de Riudecanyes","211,57","49,2","2,62"
"01/01/2026","Embassament de Siurana (Cornudella de Montsant)","464,31","17,2","2,07"
"01/01/2026","Embassament de la Baells (Cercs)","624,39","82,4","89,60"
"01/01/2026","Embassament de Foix (Castellet i la Gornal)","99,79","87,1","2,93"
"01/01/2026","Embassament de Sant Ponç (Clariana de Cardener)","526,67","81,7","19,95"
"01/01/2026","Embassament de la Llosa del Cavall (Navès)","800,72","81,6","58,37"
"01/01/2026","Embassament de Susqueda (Osor)","350,08","97,7","218,43"
"31/12/2025","Embassament de la Baells (Cercs)","624,29","82,2","89,31"
"31/12/2025","Embassament de Darnius Boadella (Darnius)","155,79","82,1","52,00"
"31/12/2025","Embassament de Sant Ponç (Clariana de Cardener)","526,61","81,4","19,87"
"31/12/2025","Embassament de Siurana (Cornudella de Montsant)","464,21","17,0","2,05"
"31/12/2025","Embassament de Susqueda (Osor)","350,15","97,9","218,84"
"31/12/2025","Embassament de Riudecanyes","211,41","48,4","2,57"
"31/12/2025","Embassament de Sau (Vilanova de Sau)","417,69","75,7","125,59"
"31/12/2025","Embassament de Foix (Castellet i la Gornal)","99,82","87,6","2,95"
"31/12/2025","Embassament de la Llosa del Cavall (Navès)","800,71","81,5","58,34"
"30/12/2025","Embassament de Sant Ponç (Clariana de Cardener)","526,54","81,1","19,79"
"30/12/2025","Embassament de Riudecanyes","211,20","47,3","2,51"
"30/12/2025","Embassament de Susqueda (Osor)","350,23","98,1","219,28"
"30/12/2025","Embassament de la Baells (Cercs)","624,17","81,8","88,90"
"30/12/2025","Embassament de Siurana (Cornudella de Montsant)","464,07","16,7","2,01"
"30/12/2025","Embassament de Sau (Vilanova de Sau)","417,12","74,0","122,75"
"30/12/2025","Embassament de la Llosa del Cavall (Navès)","800,68","81,4","58,28"
"30/12/2025","Embassament de Darnius Boadella (Darnius)","155,63","81,3","51,47"
"30/12/2025","Embassament de Foix (Castellet i la Gornal)","99,86","88,2","2,97"
"29/12/2025","Embassament de Riudecanyes","210,89","45,6","2,42"
"29/12/2025","Embassament de la Llosa del Cavall (Navès)","800,63","81,3","58,17"
"29/12/2025","Embassament de la Baells (Cercs)","623,97","81,2","88,27"
"29/12/2025","Embassament de Darnius Boadella (Darnius)","155,37","80,0","50,62"
"29/12/2025","Embassament de Sant Ponç (Clariana de Cardener)","526,46","80,7","19,69"
"29/12/2025","Embassament de Sau (Vilanova de Sau)","416,29","71,6","118,68"
"29/12/2025","Embassament de Susqueda (Osor)","350,28","98,2","219,56"
"29/12/2025","Embassament de Foix (Castellet i la Gornal)","99,88","88,7","2,99"
"29/12/2025","Embassament de Siurana (Cornudella de Montsant)","463,84","16,3","1,96"
"28/12/2025","Embassament de la Baells (Cercs)","623,62","80,2","87,20"
"28/12/2025","Embassament de Susqueda (Osor)","350,46","98,6","220,54"
"28/12/2025","Embassament de Foix (Castellet i la Gornal)","99,88","88,6","2,99"
"28/12/2025","Embassament de Siurana (Cornudella de Montsant)","463,34","15,3","1,84"
"28/12/2025","Embassament de Riudecanyes","210,29","42,6","2,27"
"28/12/2025","Embassament de Darnius Boadella (Darnius)","154,85","77,3","48,95"
"28/12/2025","Embassament de Sant Ponç (Clariana de Cardener)","526,36","80,1","19,56"
"28/12/2025","Embassament de Sau (Vilanova de Sau)","414,73","67,2","111,38"
"28/12/2025","Embassament de la Llosa del Cavall (Navès)","800,53","80,9","57,93"
"27/12/2025","Embassament de Siurana (Cornudella de Montsant)","462,28","13,4","1,61"
"27/12/2025","Embassament de Riudecanyes","209,38","38,4","2,04"
"27/12/2025","Embassament de Susqueda (Osor)","349,84","97,1","217,12"
"27/12/2025","Embassament de Foix (Castellet i la Gornal)","99,58","83,6","2,82"
"27/12/2025","Embassament de Sau (Vilanova de Sau)","410,79","56,8","94,22"
"27/12/2025","Embassament de Darnius Boadella (Darnius)","153,72","71,7","45,41"
"27/12/2025","Embassament de la Baells (Cercs)","623,09","78,7","85,53"
"27/12/2025","Embassament de Sant Ponç (Clariana de Cardener)","526,27","79,7","19,45"
"27/12/2025","Embassament de la Llosa del Cavall (Navès)","800,31","80,3","57,44"
"26/12/2025","Embassament de Riudecanyes","208,59","35,1","1,87"
"26/12/2025","Embassament de Darnius Boadella (Darnius)","152,26","65,0","41,12"
"26/12/2025","Embassament de la Baells (Cercs)","622,85","78,0","84,81"
"26/12/2025","Embassament de Foix (Castellet i la Gornal)","99,26","78,3","2,64"
"26/12/2025","Embassament de Sant Ponç (Clariana de Cardener)","526,24","79,6","19,42"
"26/12/2025","Embassament de Susqueda (Osor)","348,29","93,4","208,76"
"26/12/2025","Embassament de Sau (Vilanova de Sau)","406,45","46,5","77,10"
"26/12/2025","Embassament de Siurana (Cornudella de Montsant)","462,08","13,1","1,57"
"26/12/2025","Embassament de la Llosa del Cavall (Navès)","800,16","79,8","57,09"
"25/12/2025","Embassament de Sant Ponç (Clariana de Cardener)","526,25","79,6","19,43"
"25/12/2025","Embassament de Riudecanyes","208,48","34,7","1,85"
"25/12/2025","Embassament de Sau (Vilanova de Sau)","405,09","43,5","72,10"
"25/12/2025","Embassament de la Baells (Cercs)","622,79","77,8","84,62"
"25/12/2025","Embassament de Foix (Castellet i la Gornal)","99,16","76,6","2,58"
"25/12/2025","Embassament de Siurana (Cornudella de Montsant)","462,05","13,0","1,56"
"25/12/2025","Embassament de la Llosa del Cavall (Navès)","800,13","79,7","57,03"
"25/12/2025","Embassament de Susqueda (Osor)","347,57","91,6","204,87"
"25/12/2025","Embassament de Darnius Boadella (Darnius)","151,39","61,1","38,69"
"24/12/2025","Embassament de Sant Ponç (Clariana de Cardener)","526,27","79,7","19,45"
"24/12/2025","Embassament de la Baells (Cercs)","622,77","77,8","84,55"
"24/12/2025","Embassament de Riudecanyes","208,45","34,6","1,84"
"24/12/2025","Embassament de la Llosa del Cavall (Navès)","800,15","79,7","57,07"
"24/12/2025","Embassament de Siurana (Cornudella de Montsant)","462,06","13,0","1,57"
"24/12/2025","Embassament de Darnius Boadella (Darnius)","151,30","60,7","38,43"
"24/12/2025","Embassament de Sau (Vilanova de Sau)","404,79","42,8","71,04"
"24/12/2025","Embassament de Foix (Castellet i la Gornal)","99,14","76,3","2,57"
"24/12/2025","Embassament de Susqueda (Osor)","347,61","91,7","205,05"
"23/12/2025","Embassament de Sau (Vilanova de Sau)","404,42","42,0","69,72"
"23/12/2025","Embassament de Foix (Castellet i la Gornal)","99,13","76,3","2,57"
"23/12/2025","Embassament de Siurana (Cornudella de Montsant)","462,06","13,0","1,57"
"23/12/2025","Embassament de Sant Ponç (Clariana de Cardener)","526,28","79,8","19,47"
"23/12/2025","Embassament de la Llosa del Cavall (Navès)","800,18","79,8","57,13"
"23/12/2025","Embassament de Riudecanyes","208,41","34,5","1,83"
"23/12/2025","Embassament de Darnius Boadella (Darnius)","151,12","59,9","37,95"
"23/12/2025","Embassament de la Baells (Cercs)","622,73","77,7","84,45"
"23/12/2025","Embassament de Susqueda (Osor)","347,64","91,8","205,22"
"22/12/2025","Embassament de Darnius Boadella (Darnius)","150,89","59,0","37,34"
"22/12/2025","Embassament de Susqueda (Osor)","347,67","91,9","205,38"
"22/12/2025","Embassament de la Llosa del Cavall (Navès)","800,19","79,9","57,16"
"22/12/2025","Embassament de Siurana (Cornudella de Montsant)","462,07","13,0","1,57"
"22/12/2025","Embassament de Sau (Vilanova de Sau)","404,13","41,4","68,70"
"22/12/2025","Embassament de la Baells (Cercs)","622,66","77,5","84,24"
"22/12/2025","Embassament de Sant Ponç (Clariana de Cardener)","526,30","79,8","19,49"
"22/12/2025","Embassament de Riudecanyes","208,38","34,3","1,83"
"22/12/2025","Embassament de Foix (Castellet i la Gornal)","99,13","76,1","2,57"
"21/12/2025","Embassament de la Llosa del Cavall (Navès)","800,21","79,9","57,21"
"21/12/2025","Embassament de Riudecanyes","208,33","34,1","1,82"
"21/12/2025","Embassament de Siurana (Cornudella de Montsant)","462,07","13,0","1,57"
"21/12/2025","Embassament de Darnius Boadella (Darnius)","150,76","58,5","37,00"
"21/12/2025","Embassament de Sant Ponç (Clariana de Cardener)","526,32","79,9","19,51"
"21/12/2025","Embassament de Susqueda (Osor)","347,71","92,0","205,60"
"21/12/2025","Embassament de Foix (Castellet i la Gornal)","99,10","75,8","2,55"
"21/12/2025","Embassament de Sau (Vilanova de Sau)","403,94","41,1","68,07"
"21/12/2025","Embassament de la Baells (Cercs)","622,65","77,4","84,19"
"20/12/2025","Embassament de Sau (Vilanova de Sau)","403,83","40,8","67,70"
"20/12/2025","Embassament de Susqueda (Osor)","347,78","92,1","205,99"
"20/12/2025","Embassament de Darnius Boadella (Darnius)","150,68","58,1","36,79"
"20/12/2025","Embassament de Sant Ponç (Clariana de Cardener)","526,38","80,2","19,58"
"20/12/2025","Embassament de la Baells (Cercs)","622,65","77,5","84,20"
"20/12/2025","Embassament de la Llosa del Cavall (Navès)","800,25","80,1","57,31"
"20/12/2025","Embassament de Riudecanyes","208,27","33,9","1,80"
"20/12/2025","Embassament de Foix (Castellet i la Gornal)","99,10","75,7","2,55"
"20/12/2025","Embassament de Siurana (Cornudella de Montsant)","462,06","13,0","1,57"
"19/12/2025","Embassament de Siurana (Cornudella de Montsant)","462,05","13,0","1,56"
"19/12/2025","Embassament de Susqueda (Osor)","347,70","91,9","205,55"
"19/12/2025","Embassament de Foix (Castellet i la Gornal)","99,10","75,6","2,55"
"19/12/2025","Embassament de Riudecanyes","208,19","33,6","1,79"
"19/12/2025","Embassament de Darnius Boadella (Darnius)","150,67","58,1","36,76"
"19/12/2025","Embassament de Sau (Vilanova de Sau)","403,97","41,1","68,16"
"19/12/2025","Embassament de la Baells (Cercs)","622,67","77,5","84,26"
"19/12/2025","Embassament de la Llosa del Cavall (Navès)","800,29","80,2","57,39"
"19/12/2025","Embassament de Sant Ponç (Clariana de Cardener)","526,44","80,5","19,66"
"18/12/2025","Embassament de Susqueda (Osor)","347,60","91,7","205,02"
"18/12/2025","Embassament de Sau (Vilanova de Sau)","404,15","41,5","68,79"
"18/12/2025","Embassament de Darnius Boadella (Darnius)","150,66","58,0","36,74"
"18/12/2025","Embassament de Riudecanyes","208,11","33,3","1,77"
"18/12/2025","Embassament de Siurana (Cornudella de Montsant)","462,04","13,0","1,56"
"18/12/2025","Embassament de la Baells (Cercs)","622,70","77,6","84,34"
"18/12/2025","Embassament de la Llosa del Cavall (Navès)","800,34","80,3","57,49"
"18/12/2025","Embassament de Sant Ponç (Clariana de Cardener)","526,50","80,8","19,73"
"18/12/2025","Embassament de Foix (Castellet i la Gornal)","99,09","75,6","2,55"
"17/12/2025","Embassament de la Baells (Cercs)","622,72","77,6","84,41"
"17/12/2025","Embassament de Darnius Boadella (Darnius)","150,64","57,9","36,66"
"17/12/2025","Embassament de Sant Ponç (Clariana de Cardener)","526,55","81,1","19,80"
"17/12/2025","Embassament de la Llosa del Cavall (Navès)","800,38","80,5","57,58"
"17/12/2025","Embassament de Siurana (Cornudella de Montsant)","462,00","12,9","1,55"
"17/12/2025","Embassament de Sau (Vilanova de Sau)","404,39","42,0","69,63"
"17/12/2025","Embassament de Susqueda (Osor)","347,46","91,4","204,26"
"17/12/2025","Embassament de Foix (Castellet i la Gornal)","99,08","75,5","2,54"
"17/12/2025","Embassament de Riudecanyes","207,97","32,8","1,74"
"16/12/2025","Embassament de Siurana (Cornudella de Montsant)","461,93","12,8","1,54"
"16/12/2025","Embassament de Riudecanyes","207,71","31,8","1,69"
"16/12/2025","Embassament de Foix (Castellet i la Gornal)","99,04","74,8","2,52"
"16/12/2025","Embassament de Susqueda (Osor)","347,30","91,0","203,45"
"16/12/2025","Embassament de Sant Ponç (Clariana de Cardener)","526,61","81,4","19,87"
"16/12/2025","Embassament de la Baells (Cercs)","622,73","77,7","84,44"
"16/12/2025","Embassament de Sau (Vilanova de Sau)","404,60","42,4","70,37"
"16/12/2025","Embassament de Darnius Boadella (Darnius)","150,60","57,7","36,53"
"16/12/2025","Embassament de la Llosa del Cavall (Navès)","800,41","80,6","57,67"
"15/12/2025","Embassament de Susqueda (Osor)","347,12","90,6","202,48"
"15/12/2025","Embassament de Foix (Castellet i la Gornal)","99,01","74,3","2,50"
"15/12/2025","Embassament de Sant Ponç (Clariana de Cardener)","526,65","81,6","19,92"
"15/12/2025","Embassament de Sau (Vilanova de Sau)","404,72","42,7","70,78"
"15/12/2025","Embassament de Siurana (Cornudella de Montsant)","461,78","12,6","1,51"
"15/12/2025","Embassament de la Baells (Cercs)","622,74","77,7","84,46"
"15/12/2025","Embassament de Riudecanyes","207,32","30,4","1,62"
"15/12/2025","Embassament de la Llosa del Cavall (Navès)","800,46","80,7","57,78"
"15/12/2025","Embassament de Darnius Boadella (Darnius)","150,48","57,3","36,25"
"14/12/2025","Embassament de Darnius Boadella (Darnius)","150,39","56,9","36,03"
"14/12/2025","Embassament de Sau (Vilanova de Sau)","404,91","43,1","71,44"
"14/12/2025","Embassament de Sant Ponç (Clariana de Cardener)","526,67","81,7","19,95"
"14/12/2025","Embassament de la Llosa del Cavall (Navès)","800,53","81,0","57,93"
"14/12/2025","Embassament de Susqueda (Osor)","346,96","90,2","201,64"
"14/12/2025","Embassament de Siurana (Cornudella de Montsant)","461,69","12,4","1,49"
"14/12/2025","Embassament de Riudecanyes","207,19","29,9","1,59"
"14/12/2025","Embassament de la Baells (Cercs)","622,78","77,8","84,58"
"14/12/2025","Embassament de Foix (Castellet i la Gornal)","99,00","74,1","2,50"
"13/12/2025","Embassament de Sant Ponç (Clariana de Cardener)","526,70","81,9","19,98"
"13/12/2025","Embassament de Susqueda (Osor)","346,95","90,2","201,59"
"13/12/2025","Embassament de Riudecanyes","207,19","29,9","1,59"
"13/12/2025","Embassament de Foix (Castellet i la Gornal)","99,00","74,1","2,50"
"13/12/2025","Embassament de Sau (Vilanova de Sau)","404,97","43,2","71,67"
"13/12/2025","Embassament de Darnius Boadella (Darnius)","150,40","57,0","36,05"
"13/12/2025","Embassament de la Baells (Cercs)","622,83","78,0","84,74"
"13/12/2025","Embassament de Siurana (Cornudella de Montsant)","461,70","12,4","1,49"
"13/12/2025","Embassament de la Llosa del Cavall (Navès)","800,61","81,2","58,11"
"12/12/2025","Embassament de Siurana (Cornudella de Montsant)","461,72","12,5","1,50"
"12/12/2025","Embassament de la Llosa del Cavall (Navès)","800,68","81,4","58,28"
"12/12/2025","Embassament de la Baells (Cercs)","622,89","78,1","84,91"
"12/12/2025","Embassament de Sau (Vilanova de Sau)","405,31","44,0","72,88"
"12/12/2025","Embassament de Susqueda (Osor)","346,75","89,7","200,53"
"12/12/2025","Embassament de Foix (Castellet i la Gornal)","99,00","74,1","2,50"
"12/12/2025","Embassament de Riudecanyes","207,19","29,9","1,59"
"12/12/2025","Embassament de Sant Ponç (Clariana de Cardener)","526,73","82,0","20,02"
"12/12/2025","Embassament de Darnius Boadella (Darnius)","150,41","57,0","36,07"
"11/12/2025","Embassament de Darnius Boadella (Darnius)","150,43","57,1","36,13"
"11/12/2025","Embassament de Foix (Castellet i la Gornal)","99,00","74,2","2,50"
"11/12/2025","Embassament de Susqueda (Osor)","346,54","89,2","199,45"
"11/12/2025","Embassament de Siurana (Cornudella de Montsant)","461,74","12,5","1,50"
"11/12/2025","Embassament de Sau (Vilanova de Sau)","405,67","44,7","74,19"
"11/12/2025","Embassament de la Llosa del Cavall (Navès)","800,76","81,7","58,46"
"11/12/2025","Embassament de Riudecanyes","207,20","30,0","1,59"
"11/12/2025","Embassament de Sant Ponç (Clariana de Cardener)","526,75","82,1","20,05"
"11/12/2025","Embassament de la Baells (Cercs)","622,94","78,3","85,08"
"10/12/2025","Embassament de Siurana (Cornudella de Montsant)","461,75","12,5","1,50"
"10/12/2025","Embassament de la Baells (Cercs)","622,99","78,4","85,24"
"10/12/2025","Embassament de Darnius Boadella (Darnius)","150,43","57,1","36,13"
"10/12/2025","Embassament de la Llosa del Cavall (Navès)","800,83","81,9","58,63"
"10/12/2025","Embassament de Sau (Vilanova de Sau)","406,09","45,7","75,74"
"10/12/2025","Embassament de Susqueda (Osor)","346,28","88,6","198,09"
"10/12/2025","Embassament de Foix (Castellet i la Gornal)","99,03","74,6","2,51"
"10/12/2025","Embassament de Sant Ponç (Clariana de Cardener)","526,78","82,3","20,08"
"10/12/2025","Embassament de Riudecanyes","207,22","30,0","1,60"
"09/12/2025","Embassament de Sant Ponç (Clariana de Cardener)","526,81","82,4","20,12"
"09/12/2025","Embassament de la Baells (Cercs)","623,05","78,6","85,40"
"09/12/2025","Embassament de Foix (Castellet i la Gornal)","99,05","75,0","2,53"
"09/12/2025","Embassament de Sau (Vilanova de Sau)","406,54","46,7","77,38"
"09/12/2025","Embassament de la Llosa del Cavall (Navès)","800,91","82,2","58,81"
"09/12/2025","Embassament de Siurana (Cornudella de Montsant)","461,77","12,5","1,51"
"09/12/2025","Embassament de Riudecanyes","207,24","30,1","1,60"
"09/12/2025","Embassament de Darnius Boadella (Darnius)","150,44","57,1","36,15"
"09/12/2025","Embassament de Susqueda (Osor)","346,03","88,0","196,79"
"08/12/2025","Embassament de la Baells (Cercs)","623,10","78,7","85,57"
"08/12/2025","Embassament de Foix (Castellet i la Gornal)","99,07","75,2","2,53"
"08/12/2025","Embassament de Sau (Vilanova de Sau)","406,62","46,8","77,67"
"08/12/2025","Embassament de Siurana (Cornudella de Montsant)","461,78","12,6","1,51"
"08/12/2025","Embassament de Darnius Boadella (Darnius)","150,44","57,1","36,16"
"08/12/2025","Embassament de Riudecanyes","207,26","30,2","1,61"
"08/12/2025","Embassament de Sant Ponç (Clariana de Cardener)","526,84","82,6","20,15"
"08/12/2025","Embassament de la Llosa del Cavall (Navès)","800,99","82,4","58,98"
"08/12/2025","Embassament de Susqueda (Osor)","346,02","88,0","196,72"
"07/12/2025","Embassament de Sant Ponç (Clariana de Cardener)","526,86","82,7","20,19"
"07/12/2025","Embassament de la Llosa del Cavall (Navès)","801,06","82,7","59,15"
"07/12/2025","Embassament de Susqueda (Osor)","346,00","88,0","196,65"
"07/12/2025","Embassament de Sau (Vilanova de Sau)","406,69","47,0","77,93"
"07/12/2025","Embassament de Foix (Castellet i la Gornal)","99,07","75,3","2,54"
"07/12/2025","Embassament de la Baells (Cercs)","623,15","78,9","85,73"
"07/12/2025","Embassament de Darnius Boadella (Darnius)","150,46","57,2","36,22"
"07/12/2025","Embassament de Siurana (Cornudella de Montsant)","461,80","12,6","1,51"
"07/12/2025","Embassament de Riudecanyes","207,29","30,3","1,61"
"06/12/2025","Embassament de Sau (Vilanova de Sau)","406,64","46,9","77,75"
"06/12/2025","Embassament de la Llosa del Cavall (Navès)","801,14","82,9","59,34"
"06/12/2025","Embassament de Sant Ponç (Clariana de Cardener)","526,89","82,8","20,22"
"06/12/2025","Embassament de Susqueda (Osor)","346,07","88,1","197,03"
"06/12/2025","Embassament de Foix (Castellet i la Gornal)","99,07","75,3","2,54"
"06/12/2025","Embassament de Siurana (Cornudella de Montsant)","461,82","12,6","1,52"
"06/12/2025","Embassament de Darnius Boadella (Darnius)","150,47","57,2","36,24"
"06/12/2025","Embassament de Riudecanyes","207,31","30,4","1,62"
"06/12/2025","Embassament de la Baells (Cercs)","623,20","79,0","85,89"
"05/12/2025","Embassament de Riudecanyes","207,33","30,4","1,62"
"05/12/2025","Embassament de la Llosa del Cavall (Navès)","801,20","83,1","59,47"
"05/12/2025","Embassament de Sau (Vilanova de Sau)","406,58","46,7","77,51"
"05/12/2025","Embassament de Darnius Boadella (Darnius)","150,48","57,3","36,26"
"05/12/2025","Embassament de la Baells (Cercs)","623,26","79,2","86,05"
"05/12/2025","Embassament de Siurana (Cornudella de Montsant)","461,83","12,6","1,52"
"05/12/2025","Embassament de Sant Ponç (Clariana de Cardener)","526,92","83,0","20,26"
"05/12/2025","Embassament de Foix (Castellet i la Gornal)","99,07","75,3","2,54"
"05/12/2025","Embassament de Susqueda (Osor)","346,17","88,3","197,53"
"04/12/2025","Embassament de Riudecanyes","207,35","30,5","1,62"
"04/12/2025","Embassament de Sant Ponç (Clariana de Cardener)","526,94","83,1","20,29"
"04/12/2025","Embassament de Susqueda (Osor)","346,14","88,3","197,37"
"04/12/2025","Embassament de la Baells (Cercs)","623,31","79,3","86,22"
"04/12/2025","Embassament de Darnius Boadella (Darnius)","150,49","57,3","36,28"
"04/12/2025","Embassament de Sau (Vilanova de Sau)","406,71","47,0","78,00"
"04/12/2025","Embassament de Foix (Castellet i la Gornal)","99,07","75,3","2,54"
"04/12/2025","Embassament de Siurana (Cornudella de Montsant)","461,86","12,7","1,52"
"04/12/2025","Embassament de la Llosa del Cavall (Navès)","801,27","83,3","59,64"
"03/12/2025","Embassament de Sant Ponç (Clariana de Cardener)","526,97","83,3","20,33"
"03/12/2025","Embassament de Foix (Castellet i la Gornal)","99,07","75,3","2,54"
"03/12/2025","Embassament de Siurana (Cornudella de Montsant)","461,88","12,7","1,53"
"03/12/2025","Embassament de Sau (Vilanova de Sau)","406,95","47,6","78,91"
"03/12/2025","Embassament de Riudecanyes","207,36","30,6","1,63"
"03/12/2025","Embassament de la Llosa del Cavall (Navès)","801,34","83,6","59,81"
"03/12/2025","Embassament de Susqueda (Osor)","346,03","88,0","196,82"
"03/12/2025","Embassament de la Baells (Cercs)","623,36","79,5","86,38"
"03/12/2025","Embassament de Darnius Boadella (Darnius)","150,51","57,4","36,34"
"02/12/2025","Embassament de la Baells (Cercs)","623,41","79,6","86,54"
"02/12/2025","Embassament de Darnius Boadella (Darnius)","150,52","57,4","36,36"
"02/12/2025","Embassament de Sau (Vilanova de Sau)","407,10","47,9","79,47"
"02/12/2025","Embassament de Siurana (Cornudella de Montsant)","461,90","12,8","1,53"
"02/12/2025","Embassament de Susqueda (Osor)","345,99","87,9","196,58"
"02/12/2025","Embassament de Riudecanyes","207,36","30,6","1,63"
"02/12/2025","Embassament de la Llosa del Cavall (Navès)","801,41","83,8","59,98"
"02/12/2025","Embassament de Sant Ponç (Clariana de Cardener)","527,00","83,4","20,36"
"02/12/2025","Embassament de Foix (Castellet i la Gornal)","99,08","75,3","2,54"
"01/12/2025","Embassament de Sau (Vilanova de Sau)","407,42","48,7","80,70"
"01/12/2025","Embassament de Siurana (Cornudella de Montsant)","461,92","12,8","1,54"
"01/12/2025","Embassament de Foix (Castellet i la Gornal)","99,08","75,4","2,54"
"01/12/2025","Embassament de la Llosa del Cavall (Navès)","801,48","84,0","60,14"
"01/12/2025","Embassament de Darnius Boadella (Darnius)","150,53","57,5","36,38"
"01/12/2025","Embassament de la Baells (Cercs)","623,46","79,7","86,69"
"01/12/2025","Embassament de Sant Ponç (Clariana de Cardener)","527,03","83,6","20,40"
"01/12/2025","Embassament de Riudecanyes","207,36","30,6","1,63"
"01/12/2025","Embassament de Susqueda (Osor)","345,81","87,5","195,65"
"30/11/2025","Embassament de la Baells (Cercs)","623,51","79,9","86,83"
"30/11/2025","Embassament de Foix (Castellet i la Gornal)","99,08","75,4","2,54"
"30/11/2025","Embassament de Sant Ponç (Clariana de Cardener)","527,06","83,7","20,43"
"30/11/2025","Embassament de la Llosa del Cavall (Navès)","801,55","84,3","60,30"
"30/11/2025","Embassament de Siurana (Cornudella de Montsant)","461,94","12,8","1,54"
"30/11/2025","Embassament de Susqueda (Osor)","345,73","87,3","195,26"
"30/11/2025","Embassament de Riudecanyes","207,37","30,6","1,63"
"30/11/2025","Embassament de Darnius Boadella (Darnius)","150,55","57,6","36,45"
"30/11/2025","Embassament de Sau (Vilanova de Sau)","407,59","49,0","81,32"
"29/11/2025","Embassament de Riudecanyes","207,36","30,6","1,63"
"29/11/2025","Embassament de Foix (Castellet i la Gornal)","99,08","75,4","2,54"
"29/11/2025","Embassament de Darnius Boadella (Darnius)","150,55","57,6","36,46"
"29/11/2025","Embassament de la Baells (Cercs)","623,55","80,0","86,96"
"29/11/2025","Embassament de Susqueda (Osor)","345,67","87,2","194,96"
"29/11/2025","Embassament de la Llosa del Cavall (Navès)","801,62","84,5","60,47"
"29/11/2025","Embassament de Sau (Vilanova de Sau)","407,72","49,4","81,86"
"29/11/2025","Embassament de Siurana (Cornudella de Montsant)","461,96","12,9","1,54"
"29/11/2025","Embassament de Sant Ponç (Clariana de Cardener)","527,08","83,8","20,47"
"28/11/2025","Embassament de Riudecanyes","207,38","30,6","1,63"
"28/11/2025","Embassament de Sau (Vilanova de Sau)","408,17","50,4","83,59"
"28/11/2025","Embassament de Foix (Castellet i la Gornal)","99,09","75,5","2,54"
"28/11/2025","Embassament de Susqueda (Osor)","345,37","86,5","193,40"
"28/11/2025","Embassament de la Baells (Cercs)","623,59","80,1","87,08"
"28/11/2025","Embassament de Darnius Boadella (Darnius)","150,56","57,6","36,47"
"28/11/2025","Embassament de Siurana (Cornudella de Montsant)","461,97","12,9","1,55"
"28/11/2025","Embassament de la Llosa del Cavall (Navès)","801,68","84,7","60,62"
"28/11/2025","Embassament de Sant Ponç (Clariana de Cardener)","527,11","84,0","20,50"
"27/11/2025","Embassament de Foix (Castellet i la Gornal)","99,11","75,9","2,56"
"27/11/2025","Embassament de la Baells (Cercs)","623,62","80,2","87,19"
"27/11/2025","Embassament de Darnius Boadella (Darnius)","150,56","57,6","36,47"
"27/11/2025","Embassament de Sant Ponç (Clariana de Cardener)","527,14","84,1","20,54"
"27/11/2025","Embassament de Siurana (Cornudella de Montsant)","461,99","12,7","1,53"
"27/11/2025","Embassament de Susqueda (Osor)","345,06","85,8","191,83"
"27/11/2025","Embassament de Riudecanyes","207,40","30,7","1,63"
"27/11/2025","Embassament de la Llosa del Cavall (Navès)","801,75","84,9","60,77"
"27/11/2025","Embassament de Sau (Vilanova de Sau)","408,64","51,5","85,44"
"26/11/2025","Embassament de Sau (Vilanova de Sau)","408,86","52,0","86,29"
"26/11/2025","Embassament de Foix (Castellet i la Gornal)","99,13","76,2","2,57"
"26/11/2025","Embassament de la Llosa del Cavall (Navès)","801,81","85,1","60,92"
"26/11/2025","Embassament de Darnius Boadella (Darnius)","150,58","57,7","36,53"
"26/11/2025","Embassament de Sant Ponç (Clariana de Cardener)","527,15","84,2","20,56"
"26/11/2025","Embassament de la Baells (Cercs)","623,67","80,3","87,34"
"26/11/2025","Embassament de Susqueda (Osor)","344,92","85,5","191,13"
"26/11/2025","Embassament de Siurana (Cornudella de Montsant)","462,01","12,7","1,53"
"26/11/2025","Embassament de Riudecanyes","207,43","30,8","1,64"
"25/11/2025","Embassament de Susqueda (Osor)","345,03","85,7","191,68"
"25/11/2025","Embassament de Darnius Boadella (Darnius)","150,60","57,8","36,56"
"25/11/2025","Embassament de la Baells (Cercs)","623,71","80,5","87,47"
"25/11/2025","Embassament de Foix (Castellet i la Gornal)","99,16","76,6","2,58"
"25/11/2025","Embassament de Riudecanyes","207,43","30,8","1,64"
"25/11/2025","Embassament de Sant Ponç (Clariana de Cardener)","527,17","84,3","20,58"
"25/11/2025","Embassament de Siurana (Cornudella de Montsant)","462,03","12,8","1,53"
"25/11/2025","Embassament de la Llosa del Cavall (Navès)","801,87","85,4","61,08"
"25/11/2025","Embassament de Sau (Vilanova de Sau)","408,84","52,0","86,20"
"24/11/2025","Embassament de Susqueda (Osor)","345,16","86,0","192,36"
"24/11/2025","Embassament de Sau (Vilanova de Sau)","408,77","51,8","85,92"
"24/11/2025","Embassament de Siurana (Cornudella de Montsant)","462,05","12,8","1,54"
"24/11/2025","Embassament de la Llosa del Cavall (Navès)","801,93","85,5","61,22"
"24/11/2025","Embassament de Riudecanyes","207,44","30,8","1,64"
"24/11/2025","Embassament de Foix (Castellet i la Gornal)","99,19","77,2","2,60"
"24/11/2025","Embassament de la Baells (Cercs)","623,75","80,6","87,59"
"24/11/2025","Embassament de Darnius Boadella (Darnius)","150,60","57,8","36,58"
"24/11/2025","Embassament de Sant Ponç (Clariana de Cardener)","527,18","84,4","20,59"
"23/11/2025","Embassament de Sant Ponç (Clariana de Cardener)","527,19","84,4","20,61"
"23/11/2025","Embassament de Siurana (Cornudella de Montsant)","462,07","12,8","1,54"
"23/11/2025","Embassament de Foix (Castellet i la Gornal)","99,20","77,3","2,61"
"23/11/2025","Embassament de Susqueda (Osor)","345,22","86,2","192,67"
"23/11/2025","Embassament de la Baells (Cercs)","623,78","80,7","87,70"
"23/11/2025","Embassament de Sau (Vilanova de Sau)","408,70","51,7","85,66"
"23/11/2025","Embassament de Darnius Boadella (Darnius)","150,61","57,8","36,59"
"23/11/2025","Embassament de la Llosa del Cavall (Navès)","801,97","85,7","61,31"
"23/11/2025","Embassament de Riudecanyes","207,43","30,8","1,64"
"22/11/2025","Embassament de Susqueda (Osor)","345,16","86,0","192,33"
"22/11/2025","Embassament de Sant Ponç (Clariana de Cardener)","527,20","84,5","20,62"
"22/11/2025","Embassament de la Baells (Cercs)","623,82","80,8","87,81"
"22/11/2025","Embassament de Darnius Boadella (Darnius)","150,63","57,9","36,65"
"22/11/2025","Embassament de Foix (Castellet i la Gornal)","99,21","77,4","2,61"
"22/11/2025","Embassament de la Llosa del Cavall (Navès)","802,01","85,8","61,40"
"22/11/2025","Embassament de Siurana (Cornudella de Montsant)","462,09","12,9","1,55"
"22/11/2025","Embassament de Sau (Vilanova de Sau)","408,84","52,0","86,22"
"22/11/2025","Embassament de Riudecanyes","207,44","30,8","1,64"
"21/11/2025","Embassament de la Llosa del Cavall (Navès)","802,04","85,9","61,48"
"21/11/2025","Embassament de Darnius Boadella (Darnius)","150,64","57,9","36,68"
"21/11/2025","Embassament de Siurana (Cornudella de Montsant)","462,11","12,9","1,55"
"21/11/2025","Embassament de Sant Ponç (Clariana de Cardener)","527,21","84,5","20,63"
"21/11/2025","Embassament de Foix (Castellet i la Gornal)","99,22","77,6","2,61"
"21/11/2025","Embassament de Susqueda (Osor)","344,79","85,2","190,46"
"21/11/2025","Embassament de Riudecanyes","207,45","30,9","1,64"
"21/11/2025","Embassament de la Baells (Cercs)","623,86","80,9","87,93"
"21/11/2025","Embassament de Sau (Vilanova de Sau)","409,35","53,2","88,25"
"20/11/2025","Embassament de Sant Ponç (Clariana de Cardener)","527,22","84,6","20,65"
"20/11/2025","Embassament de la Baells (Cercs)","623,89","81,0","88,04"
"20/11/2025","Embassament de la Llosa del Cavall (Navès)","802,07","86,0","61,55"
"20/11/2025","Embassament de Darnius Boadella (Darnius)","150,66","58,0","36,73"
"20/11/2025","Embassament de Susqueda (Osor)","344,65","84,9","189,75"
"20/11/2025","Embassament de Sau (Vilanova de Sau)","409,57","53,8","89,15"
"20/11/2025","Embassament de Riudecanyes","207,45","30,9","1,64"
"20/11/2025","Embassament de Foix (Castellet i la Gornal)","99,22","77,7","2,62"
"20/11/2025","Embassament de Siurana (Cornudella de Montsant)","462,13","13,0","1,56"
"19/11/2025","Embassament de la Llosa del Cavall (Navès)","802,10","86,1","61,61"
"19/11/2025","Embassament de Siurana (Cornudella de Montsant)","462,15","13,0","1,56"
"19/11/2025","Embassament de Riudecanyes","207,45","30,9","1,64"
"19/11/2025","Embassament de Susqueda (Osor)","344,45","84,4","188,78"
"19/11/2025","Embassament de Sau (Vilanova de Sau)","409,85","54,4","90,26"
"19/11/2025","Embassament de la Baells (Cercs)","623,91","81,0","88,09"
"19/11/2025","Embassament de Foix (Castellet i la Gornal)","99,23","77,7","2,62"
"19/11/2025","Embassament de Sant Ponç (Clariana de Cardener)","527,22","84,6","20,65"
"19/11/2025","Embassament de Darnius Boadella (Darnius)","150,67","58,1","36,76"
"18/11/2025","Embassament de Sant Ponç (Clariana de Cardener)","527,22","84,5","20,64"
"18/11/2025","Embassament de Sau (Vilanova de Sau)","410,16","55,2","91,52"
"18/11/2025","Embassament de Riudecanyes","207,46","30,9","1,65"
"18/11/2025","Embassament de la Baells (Cercs)","623,91","81,0","88,09"
"18/11/2025","Embassament de Foix (Castellet i la Gornal)","99,23","77,8","2,62"
"18/11/2025","Embassament de Darnius Boadella (Darnius)","150,67","58,1","36,76"
"18/11/2025","Embassament de Siurana (Cornudella de Montsant)","462,17","13,0","1,56"
"18/11/2025","Embassament de la Llosa del Cavall (Navès)","802,12","86,2","61,66"
"18/11/2025","Embassament de Susqueda (Osor)","344,23","83,9","187,65"
"17/11/2025","Embassament de Susqueda (Osor)","344,10","83,6","187,02"
"17/11/2025","Embassament de la Llosa del Cavall (Navès)","802,15","86,3","61,73"
"17/11/2025","Embassament de Foix (Castellet i la Gornal)","99,23","77,8","2,62"
"17/11/2025","Embassament de Riudecanyes","207,46","30,9","1,65"
"17/11/2025","Embassament de Sau (Vilanova de Sau)","410,34","55,7","92,28"
"17/11/2025","Embassament de Siurana (Cornudella de Montsant)","462,19","13,0","1,57"
"17/11/2025","Embassament de Sant Ponç (Clariana de Cardener)","527,20","84,5","20,62"
"17/11/2025","Embassament de la Baells (Cercs)","623,91","81,0","88,08"
"17/11/2025","Embassament de Darnius Boadella (Darnius)","150,68","58,1","36,79"
"16/11/2025","Embassament de Riudecanyes","207,46","30,9","1,65"
"16/11/2025","Embassament de Susqueda (Osor)","344,09","83,6","186,98"
"16/11/2025","Embassament de la Baells (Cercs)","623,90","81,0","88,06"
"16/11/2025","Embassament de Foix (Castellet i la Gornal)","99,23","77,8","2,62"
"16/11/2025","Embassament de Siurana (Cornudella de Montsant)","462,20","13,1","1,57"
"16/11/2025","Embassament de Darnius Boadella (Darnius)","150,68","58,1","36,79"
"16/11/2025","Embassament de Sau (Vilanova de Sau)","410,37","55,7","92,40"
"16/11/2025","Embassament de Sant Ponç (Clariana de Cardener)","527,18","84,3","20,59"
"16/11/2025","Embassament de la Llosa del Cavall (Navès)","802,16","86,3","61,77"
"15/11/2025","Embassament de Darnius Boadella (Darnius)","150,70","58,2","36,85"
"15/11/2025","Embassament de la Baells (Cercs)","623,92","81,1","88,13"
"15/11/2025","Embassament de Riudecanyes","207,46","30,9","1,65"
"15/11/2025","Embassament de Siurana (Cornudella de Montsant)","462,22","13,1","1,57"
"15/11/2025","Embassament de la Llosa del Cavall (Navès)","802,16","86,3","61,77"
"15/11/2025","Embassament de Sau (Vilanova de Sau)","410,29","55,5","92,07"
"15/11/2025","Embassament de Foix (Castellet i la Gornal)","99,23","77,7","2,62"
"15/11/2025","Embassament de Susqueda (Osor)","344,21","83,9","187,56"
"15/11/2025","Embassament de Sant Ponç (Clariana de Cardener)","527,15","84,2","20,55"
"14/11/2025","Embassament de Sau (Vilanova de Sau)","410,23","55,4","91,82"
"14/11/2025","Embassament de la Baells (Cercs)","623,95","81,1","88,21"
"14/11/2025","Embassament de Foix (Castellet i la Gornal)","99,23","77,7","2,62"
"14/11/2025","Embassament de Siurana (Cornudella de Montsant)","462,24","13,1","1,58"
"14/11/2025","Embassament de Riudecanyes","207,46","30,9","1,65"
"14/11/2025","Embassament de Darnius Boadella (Darnius)","150,71","58,2","36,87"
"14/11/2025","Embassament de Susqueda (Osor)","344,29","84,1","187,98"
"14/11/2025","Embassament de Sant Ponç (Clariana de Cardener)","527,13","84,1","20,52"
"14/11/2025","Embassament de la Llosa del Cavall (Navès)","802,16","86,3","61,75"
"13/11/2025","Embassament de Sau (Vilanova de Sau)","410,16","55,2","91,53"
"13/11/2025","Embassament de Darnius Boadella (Darnius)","150,71","58,2","36,87"
"13/11/2025","Embassament de la Baells (Cercs)","624,00","81,3","88,38"
"13/11/2025","Embassament de Susqueda (Osor)","344,37","84,3","188,38"
"13/11/2025","Embassament de la Llosa del Cavall (Navès)","802,20","86,5","61,87"
"13/11/2025","Embassament de Foix (Castellet i la Gornal)","99,25","78,2","2,63"
"13/11/2025","Embassament de Riudecanyes","207,48","31,0","1,65"
"13/11/2025","Embassament de Sant Ponç (Clariana de Cardener)","527,13","84,1","20,53"
"13/11/2025","Embassament de Siurana (Cornudella de Montsant)","462,25","13,2","1,58"
"12/11/2025","Embassament de Siurana (Cornudella de Montsant)","462,27","13,2","1,58"
"12/11/2025","Embassament de la Baells (Cercs)","624,07","81,5","88,59"
"12/11/2025","Embassament de Darnius Boadella (Darnius)","150,71","58,2","36,87"
"12/11/2025","Embassament de Riudecanyes","207,50","31,1","1,65"
"12/11/2025","Embassament de Susqueda (Osor)","344,44","84,4","188,75"
"12/11/2025","Embassament de la Llosa del Cavall (Navès)","802,24","86,6","61,96"
"12/11/2025","Embassament de Sant Ponç (Clariana de Cardener)","527,16","84,3","20,57"
"12/11/2025","Embassament de Foix (Castellet i la Gornal)","99,28","78,6","2,65"
"12/11/2025","Embassament de Sau (Vilanova de Sau)","410,08","55,0","91,21"
"11/11/2025","Embassament de Sant Ponç (Clariana de Cardener)","527,18","84,3","20,58"
"11/11/2025","Embassament de Riudecanyes","207,52","31,1","1,66"
"11/11/2025","Embassament de Darnius Boadella (Darnius)","150,71","58,2","36,87"
"11/11/2025","Embassament de la Baells (Cercs)","624,12","81,6","88,75"
"11/11/2025","Embassament de Susqueda (Osor)","344,47","84,5","188,90"
"11/11/2025","Embassament de Sau (Vilanova de Sau)","410,06","55,0","91,13"
"11/11/2025","Embassament de la Llosa del Cavall (Navès)","802,28","86,7","62,04"
"11/11/2025","Embassament de Foix (Castellet i la Gornal)","99,29","78,7","2,65"
"11/11/2025","Embassament de Siurana (Cornudella de Montsant)","462,28","13,2","1,59"
"10/11/2025","Embassament de Sant Ponç (Clariana de Cardener)","527,17","84,3","20,57"
"10/11/2025","Embassament de Susqueda (Osor)","344,38","84,3","188,45"
"10/11/2025","Embassament de Riudecanyes","207,55","31,2","1,66"
"10/11/2025","Embassament de Darnius Boadella (Darnius)","150,71","58,3","36,88"
"10/11/2025","Embassament de la Baells (Cercs)","624,17","81,8","88,92"
"10/11/2025","Embassament de Foix (Castellet i la Gornal)","99,29","78,8","2,65"
"10/11/2025","Embassament de Siurana (Cornudella de Montsant)","462,29","13,2","1,59"
"10/11/2025","Embassament de Sau (Vilanova de Sau)","410,19","55,3","91,65"
"10/11/2025","Embassament de la Llosa del Cavall (Navès)","802,32","86,9","62,16"
"09/11/2025","Embassament de la Llosa del Cavall (Navès)","802,37","87,0","62,27"
"09/11/2025","Embassament de Riudecanyes","207,57","31,3","1,67"
"09/11/2025","Embassament de Foix (Castellet i la Gornal)","99,29","78,8","2,65"
"09/11/2025","Embassament de Darnius Boadella (Darnius)","150,72","58,3","36,89"
"09/11/2025","Embassament de la Baells (Cercs)","624,21","81,9","89,05"
"09/11/2025","Embassament de Susqueda (Osor)","344,31","84,1","188,09"
"09/11/2025","Embassament de Sant Ponç (Clariana de Cardener)","527,16","84,2","20,56"
"09/11/2025","Embassament de Sau (Vilanova de Sau)","410,27","55,5","91,99"
"09/11/2025","Embassament de Siurana (Cornudella de Montsant)","462,31","13,2","1,59"
"08/11/2025","Embassament de Siurana (Cornudella de Montsant)","462,31","13,3","1,59"
"08/11/2025","Embassament de la Baells (Cercs)","624,24","82,0","89,15"
"08/11/2025","Embassament de Sau (Vilanova de Sau)","410,17","55,2","91,56"
"08/11/2025","Embassament de Darnius Boadella (Darnius)","150,72","58,3","36,90"
"08/11/2025","Embassament de Foix (Castellet i la Gornal)","99,26","78,2","2,63"
"08/11/2025","Embassament de Susqueda (Osor)","344,35","84,2","188,28"
"08/11/2025","Embassament de Riudecanyes","207,58","31,4","1,67"
"08/11/2025","Embassament de la Llosa del Cavall (Navès)","802,42","87,2","62,38"
"08/11/2025","Embassament de Sant Ponç (Clariana de Cardener)","527,14","84,2","20,54"
"07/11/2025","Embassament de Riudecanyes","207,59","31,4","1,67"
"07/11/2025","Embassament de Siurana (Cornudella de Montsant)","462,31","13,3","1,59"
"07/11/2025","Embassament de Darnius Boadella (Darnius)","150,75","58,4","36,97"
"07/11/2025","Embassament de la Baells (Cercs)","624,27","82,1","89,22"
"07/11/2025","Embassament de Foix (Castellet i la Gornal)","99,23","77,7","2,62"
"07/11/2025","Embassament de Susqueda (Osor)","344,41","84,3","188,56"
"07/11/2025","Embassament de la Llosa del Cavall (Navès)","802,45","87,3","62,47"
"07/11/2025","Embassament de Sant Ponç (Clariana de Cardener)","527,12","84,1","20,52"
"07/11/2025","Embassament de Sau (Vilanova de Sau)","409,97","54,7","90,75"
"06/11/2025","Embassament de Foix (Castellet i la Gornal)","99,20","77,3","2,60"
"06/11/2025","Embassament de Riudecanyes","207,60","31,4","1,67"
"06/11/2025","Embassament de Darnius Boadella (Darnius)","150,71","58,2","36,87"
"06/11/2025","Embassament de la Llosa del Cavall (Navès)","802,46","87,3","62,50"
"06/11/2025","Embassament de la Baells (Cercs)","624,27","82,1","89,24"
"06/11/2025","Embassament de Siurana (Cornudella de Montsant)","462,32","13,3","1,59"
"06/11/2025","Embassament de Susqueda (Osor)","344,17","83,8","187,39"
"06/11/2025","Embassament de Sant Ponç (Clariana de Cardener)","527,09","83,9","20,48"
"06/11/2025","Embassament de Sau (Vilanova de Sau)","409,97","54,7","90,75"
"05/11/2025","Embassament de Siurana (Cornudella de Montsant)","462,32","13,3","1,59"
"05/11/2025","Embassament de Riudecanyes","207,63","31,5","1,68"
"05/11/2025","Embassament de Foix (Castellet i la Gornal)","99,32","79,2","2,67"
"05/11/2025","Embassament de la Llosa del Cavall (Navès)","802,49","87,4","62,56"
"05/11/2025","Embassament de Susqueda (Osor)","344,25","84,0","187,78"
"05/11/2025","Embassament de Sau (Vilanova de Sau)","409,83","54,4","90,20"
"05/11/2025","Embassament de Darnius Boadella (Darnius)","150,69","58,2","36,82"
"05/11/2025","Embassament de Sant Ponç (Clariana de Cardener)","527,07","83,8","20,45"
"05/11/2025","Embassament de la Baells (Cercs)","624,30","82,2","89,34"
"04/11/2025","Embassament de Siurana (Cornudella de Montsant)","462,34","13,3","1,60"
"04/11/2025","Embassament de Susqueda (Osor)","344,37","84,2","188,35"
"04/11/2025","Embassament de la Baells (Cercs)","624,37","82,4","89,54"
"04/11/2025","Embassament de Darnius Boadella (Darnius)","150,71","58,2","36,87"
"04/11/2025","Embassament de Foix (Castellet i la Gornal)","99,34","79,5","2,68"
"04/11/2025","Embassament de Sant Ponç (Clariana de Cardener)","527,07","83,8","20,44"
"04/11/2025","Embassament de la Llosa del Cavall (Navès)","802,55","87,6","62,71"
"04/11/2025","Embassament de Sau (Vilanova de Sau)","409,80","54,3","90,06"
"04/11/2025","Embassament de Riudecanyes","207,65","31,6","1,68"
"03/11/2025","Embassament de Darnius Boadella (Darnius)","150,71","58,2","36,87"
"03/11/2025","Embassament de la Baells (Cercs)","624,44","82,6","89,76"
"03/11/2025","Embassament de Riudecanyes","207,67","31,7","1,69"
"03/11/2025","Embassament de Susqueda (Osor)","344,26","84,0","187,83"
"03/11/2025","Embassament de la Llosa del Cavall (Navès)","802,61","87,8","62,86"
"03/11/2025","Embassament de Sant Ponç (Clariana de Cardener)","527,06","83,7","20,44"
"03/11/2025","Embassament de Siurana (Cornudella de Montsant)","462,36","13,3","1,60"
"03/11/2025","Embassament de Sau (Vilanova de Sau)","409,99","54,8","90,84"
"03/11/2025","Embassament de Foix (Castellet i la Gornal)","99,34","79,6","2,68"
"02/11/2025","Embassament de Foix (Castellet i la Gornal)","99,35","79,7","2,68"
"02/11/2025","Embassament de la Baells (Cercs)","624,50","82,8","89,96"
"02/11/2025","Embassament de Sant Ponç (Clariana de Cardener)","527,06","83,7","20,44"
"02/11/2025","Embassament de Darnius Boadella (Darnius)","150,71","58,3","36,88"
"02/11/2025","Embassament de Siurana (Cornudella de Montsant)","462,38","13,4","1,61"
"02/11/2025","Embassament de Sau (Vilanova de Sau)","410,19","55,3","91,64"
"02/11/2025","Embassament de Riudecanyes","207,70","31,8","1,69"
"02/11/2025","Embassament de la Llosa del Cavall (Navès)","802,67","88,1","63,01"
"02/11/2025","Embassament de Susqueda (Osor)","344,16","83,8","187,35"
"01/11/2025","Embassament de la Baells (Cercs)","624,56","82,9","90,16"
"01/11/2025","Embassament de Sant Ponç (Clariana de Cardener)","527,05","83,7","20,43"
"01/11/2025","Embassament de Siurana (Cornudella de Montsant)","462,40","13,4","1,61"
"01/11/2025","Embassament de Foix (Castellet i la Gornal)","99,35","79,7","2,69"
"01/11/2025","Embassament de Susqueda (Osor)","344,20","83,9","187,54"
"01/11/2025","Embassament de Riudecanyes","207,72","31,9","1,70"
"01/11/2025","Embassament de Sau (Vilanova de Sau)","410,21","55,3","91,72"
"01/11/2025","Embassament de Darnius Boadella (Darnius)","150,72","58,3","36,89"
"01/11/2025","Embassament de la Llosa del Cavall (Navès)","802,73","88,3","63,16"